id,nome,created_date
69cc185887b834350956dfe3,Ligação de Energia,2026-03-31T18:54:16.111000
6928a5ede6c5484ce69eb36d,Cartório - Taxas,2025-11-27T19:26:37.506000
6902648d5db3025f0e48047d,Marketing,2025-10-29T19:01:33.167000
68f38480352d14ef0de7c68a,Caçamba / Retirada de Entulhos ,2025-10-18T12:13:52.688000
68e9eb2c7f37d0be74ea87a0,Churrasco,2025-10-11T05:29:16.583000
68e9c6811c429c260c420ec6,Contabilidade,2025-10-11T02:52:49.862000
68e9b929f73b36d98b32ef06,Diversos,2025-10-11T01:55:53.279000
68e9b0461d569b390f8c88ea,Retiradas,2025-10-11T01:17:58.358000
68e9345084968d2dd1b56dcd,Mão de Obra,2025-10-10T16:29:04.777000
68e932ad7e095af652705569,Fiscal,2025-10-10T16:22:05.32000
68e92c57f58ac36af42b3f20,Terreno,2025-10-10T15:55:03.248000
68e9287d882b27b7ef91746e,Taxas Prefeitura,2025-10-10T15:38:37.204000
68e927405db45800122d31c0,Projetos e Aprovações,2025-10-10T15:33:20.350000
68e9069c47b1162efe1d5cdc,ADM,2025-10-10T13:14:04.747000
68e906987051f18df69bd30e,Materiais,2025-10-10T13:14:00.904000
