id,obra_id,descricao,categoria_id,subcategoria_id,valor,data,data_vencimento,data_pagamento,forma_pagamento,status_pagamento,observacoes,created_date
68e927e2d15c83dfeccd1744,68e9066f27bc8da7fb9e45d1,Assessoria Ideal - Pacote convencional,68e927405db45800122d31c0,,22750.0,2025-10-11,,2025-06-18,pix,pago,"Pacote convencional - Aprovação de projeto, Demolição, Manual, 3D, planta humanizada....",2025-10-10T15:36:02.151000
68e9295f358ed6e7897b7ff9,68e9066f27bc8da7fb9e45d1,RRT Projeto,68e9287d882b27b7ef91746e,,125.4,2025-10-13,,2025-06-21,pix,pago,,2025-10-10T15:42:23.122000
68e92a56118a85a7723dbe32,68e9066f27bc8da7fb9e45d1,RRT Execução,68e9287d882b27b7ef91746e,,125.4,2025-10-13,,2025-06-21,pix,pago,,2025-10-10T15:46:30.163000
68e92af568ed0ca8ab363e5c,68e9066f27bc8da7fb9e45d1,Projetos complementares,68e927405db45800122d31c0,,8197.2,2025-10-11,,2025-07-03,pix,pago,"Projetos Complementares - Estrutural, Hidráulico e Elétrico",2025-10-10T15:49:09.750000
68e92cb06674cbb51a2c2be5,68e90683cc9f060426095152,Sinal,68e92c57f58ac36af42b3f20,,70000.0,2025-10-11,,2025-07-09,pix,pago,,2025-10-10T15:56:32.734000
68e92cec8eda60c77bfe63b5,68e90683cc9f060426095152,Carro,68e92c57f58ac36af42b3f20,,120000.0,2025-10-14,,2025-07-10,transferencia,pago,,2025-10-10T15:57:32.569000
68e92f20daf33b1b2a52c924,68e90683cc9f060426095152,"1º Parcela de R$ 45.000,00",68e92c57f58ac36af42b3f20,,45000.0,2025-10-11,,2025-07-15,pix,pago,"R$ 135.000,00 em 3x de R$ 45.000,00",2025-10-10T16:06:56.565000
68e92f64ec56896d813ba5af,68e90683cc9f060426095152,"2º Parcela de R$ 45.000,00",68e92c57f58ac36af42b3f20,,45000.0,2025-10-11,,2025-07-16,pix,pago,"R$ 135.000,00 em 3x de R$ 45.000,00",2025-10-10T16:08:04.909000
68e92fadbc2d58321dfae40c,68e90683cc9f060426095152,"3º Parcela de R$ 45.000,00",68e92c57f58ac36af42b3f20,,45000.0,2025-10-11,,2025-07-17,pix,pago,"R$ 135.000,00 em 3x de R$ 45.000,00",2025-10-10T16:09:17.308000
68e92ff4bc58e56aa9f61880,68e90683cc9f060426095152,Pagamento restante do terreno,68e92c57f58ac36af42b3f20,,293000.0,2025-10-11,,2025-07-18,pix,pago,265.000 a vista (contrato) + 18.000 IPTU (contrato),2025-10-10T16:10:28.006000
68e93062118a85a7723df51c,68e9066f27bc8da7fb9e45d1,Custo do Terreno,68e92c57f58ac36af42b3f20,,400000.0,2025-08-20,,2025-08-20,pix,pago,05/07 - Casa 6 - R$300.000 Transferência - R$100.000,2025-10-10T16:12:18.438000
68e930e3118a85a7723df95e,68e9066f27bc8da7fb9e45d1,Licenciamento Meio Ambiente,68e9287d882b27b7ef91746e,,525.41,2025-10-11,,2025-07-08,boleto,pago,,2025-10-10T16:14:27.766000
68e9327bf58ac36af42b58d9,68e9066f27bc8da7fb9e45d1,Taxa de Demolição,68e9287d882b27b7ef91746e,,584.22,2025-10-10,,2025-08-04,boleto,pago,,2025-10-10T16:21:15.720000
68e9334750c7a5fbc456018c,68e9066f27bc8da7fb9e45d1,FIscal - Liberação para inicio de obra,68e932ad7e095af652705569,,2000.0,2025-10-12,,2025-08-15,pix,pago,,2025-10-10T16:24:39.033000
68e933e2717b36937f299b74,68e9066f27bc8da7fb9e45d1,Sondagem,68e927405db45800122d31c0,68e933bdd5a40edb20113e12,2612.5,2025-10-12,,2025-08-15,pix,pago,,2025-10-10T16:27:14.841000
68e9ae81bd46c7092795b95e,68e9066f27bc8da7fb9e45d1,Pregos,68e906987051f18df69bd30e,68e906c3be8b7e945ba55524,137.95,2025-10-11,,2025-08-21,pix,pago,"2,5kg Pregos 18x36",2025-10-11T01:10:25.647000
68e9af11438dabc4bf970fea,68e9066f27bc8da7fb9e45d1,Sarrafos,68e906987051f18df69bd30e,68e906bd27bc8da7fb9e47e8,504.9,2025-10-11,,2025-08-21,pix,pago,30 Sarrafos de 15cm,2025-10-11T01:12:49.171000
68e9af9116b2f02221b76047,68e9066f27bc8da7fb9e45d1,Telhas Galvanizadas,68e906987051f18df69bd30e,68e9af404ecff33c334996bf,1750.09,2025-10-12,,2025-08-23,pix,pago,,2025-10-11T01:14:57.056000
68e9b0248c7e18a8eda12d3b,68e9066f27bc8da7fb9e45d1,Pregos,68e906987051f18df69bd30e,68e906c3be8b7e945ba55524,78.2,2025-10-11,,2025-08-21,pix,pago,,2025-10-11T01:17:24.135000
68e9b075cd1fcebd86069978,68e9066f27bc8da7fb9e45d1,Retirada Jean,68e9b0461d569b390f8c88ea,,6000.0,2025-10-12,,2025-08-22,pix,pago,,2025-10-11T01:18:45.056000
68e9b0f4cd83cc589cc9b2ab,68e9066f27bc8da7fb9e45d1,6mt de Areia,68e906987051f18df69bd30e,68e9b09fa12479567bf7be5a,1080.0,2025-10-13,,2025-08-28,transferencia,pago,Estacas e Sapatas,2025-10-11T01:20:52.477000
68e9b11e18849b2e6999c3e7,68e9066f27bc8da7fb9e45d1,6mt de Pedra,68e906987051f18df69bd30e,68e9b10633f34f7da2fdeaad,1080.0,2025-10-14,,2025-08-28,transferencia,pago,Estacas e Sapatas,2025-10-11T01:21:34.043000
69cc16c37da09933272847d9,68e9066f27bc8da7fb9e45d1,"Pisos internos, externos, escadas e fachada",68e906987051f18df69bd30e,692068b89b48a0835132c075,14621.79,2026-02-20,,2026-02-20,pix,pago,,2026-03-31T18:47:31.846000
69cc1713104942122106fea7,68e9066f27bc8da7fb9e45d1,12 metros de areia grossa,68e906987051f18df69bd30e,68e9b09fa12479567bf7be5a,2220.0,2026-02-20,,2026-02-20,pix,pago,,2026-03-31T18:48:51.172000
69cc176960a162f3ee5968ce,68e9066f27bc8da7fb9e45d1,Caixas Sabesp,68e906987051f18df69bd30e,68e9b94398991d507ae8d645,320.0,2026-02-21,,2026-02-21,pix,pago,,2026-03-31T18:50:17.231000
69cc17a95d29989757c9e588,68e9066f27bc8da7fb9e45d1,"Cimento, Argamassa e Areia",68e906987051f18df69bd30e,68e9b94398991d507ae8d645,865.0,2026-02-21,,2026-02-21,pix,pago,,2026-03-31T18:51:21.840000
69cc17cdc4a3a4c4e7e741bc,68e9066f27bc8da7fb9e45d1,Mangueira Caixas Sabesp,68e906987051f18df69bd30e,68e9b94398991d507ae8d645,210.55,2026-02-26,,2026-02-26,pix,pago,,2026-03-31T18:51:57.157000
69cc180ec5cda95fbd7703c8,68e9066f27bc8da7fb9e45d1,50 AC3,68e906987051f18df69bd30e,,1200.0,2026-02-27,,2026-02-27,pix,pago,,2026-03-31T18:53:02.976000
69cc1828bbcd8351360bbad8,68e9066f27bc8da7fb9e45d1,02 Caçamba,68f38480352d14ef0de7c68a,,700.0,2026-02-27,,2026-02-27,pix,pago,,2026-03-31T18:53:28.251000
69cc193673e6e72fd97ac748,68e9066f27bc8da7fb9e45d1,Letreioros,68e906987051f18df69bd30e,69cc19087be1ac41cb83a91a,2000.0,2026-02-27,,2026-02-27,pix,pago,,2026-03-31T18:57:58.111000
69cc199b12fd98e7910d5765,68e9066f27bc8da7fb9e45d1,Retirada Jean,68e9b0461d569b390f8c88ea,,4000.0,2026-03-01,,2026-03-01,pix,pago,,2026-03-31T18:59:39.018000
69cc19d86c8b7f8818f95df0,68e9066f27bc8da7fb9e45d1,10 Cimentos + tijolos,68e906987051f18df69bd30e,68e906d4b90a9de73ee0bca0,506.8,2026-03-01,,2026-03-01,pix,pago,,2026-03-31T19:00:40.537000
69cc19fa406116d7fd1faab4,68e9066f27bc8da7fb9e45d1,10 Cimentos,68e906987051f18df69bd30e,68e906d4b90a9de73ee0bca0,310.0,2026-03-04,,2026-03-04,pix,pago,,2026-03-31T19:01:14.536000
69cc1a18b804c255c73809ba,68e9066f27bc8da7fb9e45d1,20 Cimentos,68e906987051f18df69bd30e,,620.0,2026-03-05,,2026-03-05,pix,pago,,2026-03-31T19:01:44.337000
69cc1a959358e5e06251fdae,68e9066f27bc8da7fb9e45d1,5 metros de areia grossa,68e906987051f18df69bd30e,68e9b09fa12479567bf7be5a,925.0,2026-03-06,,2026-03-06,pix,pago,,2026-03-31T19:03:49.981000
69cc1ae56b02313460bb8216,68e9066f27bc8da7fb9e45d1,Material Elétrico - 50%,68e906987051f18df69bd30e,68e9b418cb3c2763df7d0de1,9000.0,2026-03-06,,2026-03-06,pix,pago,,2026-03-31T19:05:09.959000
69cc1b52a60646d305a8f948,68e9066f27bc8da7fb9e45d1,Retirada Jean,68e9b0461d569b390f8c88ea,,4000.0,2026-03-09,,2026-03-09,pix,pago,,2026-03-31T19:06:58.443000
69cc1b7ff736c1923455db82,68e9066f27bc8da7fb9e45d1,20 AC3,68e906987051f18df69bd30e,6920693343569a318b31f6f4,480.0,2026-03-11,,2026-03-11,pix,pago,,2026-03-31T19:07:43.556000
69cc1b9bde45f8dc162c2e43,68e9066f27bc8da7fb9e45d1,80 AC3,68e906987051f18df69bd30e,6920693343569a318b31f6f4,480.0,2026-03-11,,2026-03-11,pix,pago,,2026-03-31T19:08:11.488000
69cc1c77b5252721a761dc3b,68e9066f27bc8da7fb9e45d1,10 Cimentos,68e906987051f18df69bd30e,68e906d4b90a9de73ee0bca0,329.0,2026-03-13,,2026-03-13,pix,pago,,2026-03-31T19:11:51.727000
69cc1ca91dddae07c64428c8,68e9066f27bc8da7fb9e45d1,1mt Pedrisco,68e906987051f18df69bd30e,68e9b09fa12479567bf7be5a,185.0,2026-03-12,,2026-03-12,pix,pago,,2026-03-31T19:12:41.136000
69cc1ce08c954162ecc0e973,68e9066f27bc8da7fb9e45d1,3 metros de areia grossa,68e906987051f18df69bd30e,68e9b09fa12479567bf7be5a,925.0,2026-03-17,,2026-03-17,pix,pago,,2026-03-31T19:13:36.471000
69cc1d0510ad1b2a52ccbcc8,68e9066f27bc8da7fb9e45d1,Granitos,68e906987051f18df69bd30e,69cc10eb3cd0afdc6a50858b,10000.0,2026-03-17,,2026-03-17,pix,pago,,2026-03-31T19:14:13.302000
69cc1d5001a52e79779d02d1,68e90683cc9f060426095152,Retificação,68e9287d882b27b7ef91746e,,130.64,2024-03-19,,2024-03-19,boleto,pago,,2026-03-31T19:15:28.447000
69cc1d74aed2a43ebd6f4dc9,68e90683cc9f060426095152,Taxa Cartório,68e9287d882b27b7ef91746e,,130.64,2024-03-19,,2024-03-19,boleto,pago,,2026-03-31T19:16:04.727000
69cc1d9586b6d909ccc65e25,68e9066f27bc8da7fb9e45d1,15 Cimentos,68e906987051f18df69bd30e,68e906d4b90a9de73ee0bca0,329.0,2026-03-24,,2026-03-24,pix,pago,,2026-03-31T19:16:37.671000
69cc1db661aae76b93b1fc27,68e9066f27bc8da7fb9e45d1,04 metros de areia grossa,68e906987051f18df69bd30e,68e9b09fa12479567bf7be5a,780.0,2026-03-24,,2026-03-24,pix,pago,,2026-03-31T19:17:10.013000
69cc1dd7f6f20f7b2a42cf01,68e9066f27bc8da7fb9e45d1,Argamassa,68e906987051f18df69bd30e,6920693343569a318b31f6f4,390.0,2026-03-25,,2026-03-25,pix,pago,,2026-03-31T19:17:43.728000
69cc1df2fc7db2918632070e,68e9066f27bc8da7fb9e45d1,Argamassa,68e906987051f18df69bd30e,6920693343569a318b31f6f4,810.0,2026-03-25,,2026-03-25,pix,pago,,2026-03-31T19:18:10.657000
69cc1e5c68d36ab8ef65b764,68e9066f27bc8da7fb9e45d1,Tintas - Área Externa,68e906987051f18df69bd30e,69cc1e29e981dc58a96c6acb,3093.6,2026-03-25,,2026-03-25,pix,pago,,2026-03-31T19:19:56.935000
69cc1e8b20d2d7d3b243b992,68e9066f27bc8da7fb9e45d1,02 Caçamba,68f38480352d14ef0de7c68a,,700.0,2026-03-28,,2026-03-28,pix,pago,,2026-03-31T19:20:43.347000
69cc1eb30d899e480bc44448,68e9066f27bc8da7fb9e45d1,50 AC3,68e906987051f18df69bd30e,6920693343569a318b31f6f4,1200.0,2026-03-31,,2026-03-31,pix,pago,,2026-03-31T19:21:23.417000
69ce61c6a2fd7cc0c95c2521,68e9066f27bc8da7fb9e45d1,Estacionamento,68e9b929f73b36d98b32ef06,,9.0,2026-04-01,,2026-04-01,pix,pago,,2026-04-02T12:32:06.791000
69ce624333fb5b75960c7a17,68e90683cc9f060426095152,TRT/GEO,68e9287d882b27b7ef91746e,,68.17,2026-04-01,,2026-04-01,pix,pago,,2026-04-02T12:34:11.003000
69cee1f5d9415e6161f1dffd,68e9066f27bc8da7fb9e45d1,Material Elétrico - 1º Boleto,68e906987051f18df69bd30e,68e9b418cb3c2763df7d0de1,7115.85,2026-05-20,,2026-05-20,boleto,pago,,2026-04-02T21:39:01.735000
69cee28b67933d1d3b9b4822,68e9066f27bc8da7fb9e45d1,Material Elétrico - 2º Boleto,68e906987051f18df69bd30e,68e9b418cb3c2763df7d0de1,2390.48,2026-04-02,,,boleto,pendente,,2026-04-02T21:41:31.530000
69cee603527754a8242cf6d4,68e9066f27bc8da7fb9e45d1,20 kg Rejunte,68e906987051f18df69bd30e,69cee94661171cd61b388b6a,65.0,2026-04-02,2026-04-02,2026-04-02,pix,pago,,2026-04-02T21:56:19.507000
69cf95c30b7fcc44e1b5329c,68e9066f27bc8da7fb9e45d1,Mão de Obra Empreiteiro,68e9345084968d2dd1b56dcd,68e93473365895d227c95912,330000.0,2026-05-06,,,pix,programado,,2026-04-03T10:26:11.839000
69d263bbca1a6197bd7f6050,68e9066f27bc8da7fb9e45d1,Ligação de Energia - China,69cc185887b834350956dfe3,,5800.0,2026-04-05,,,pix,programado,,2026-04-05T13:29:31.810000
6a0cc1de0f0f106029fec3c3,68e9066f27bc8da7fb9e45d1,"Pedra, Areia, Cimento",68e906987051f18df69bd30e,68e906d4b90a9de73ee0bca0,1545.6,2026-04-07,,2026-04-07,pix,pago,,2026-05-19T20:02:38.856000
6a0cc241c89527d8228cd8c5,68e9066f27bc8da7fb9e45d1,Tampas e grelhas,68e906987051f18df69bd30e,68e9b40dfa83bb166b21fd4e,976.0,2026-04-07,,2026-04-07,pix,pago,,2026-05-19T20:04:17.330000
6a0cc3c5981b25c3eb59618a,68e9066f27bc8da7fb9e45d1,Tintas - Área Externa (complemento),68e906987051f18df69bd30e,69cc1e29e981dc58a96c6acb,1520.0,2026-04-07,,2026-04-07,pix,pago,,2026-05-19T20:10:45.718000
6a0cc4d39ee84ebfd648c8ad,68e9066f27bc8da7fb9e45d1,50mt Piso Copacabana - Calçada,68e906987051f18df69bd30e,692068b89b48a0835132c075,1149.5,2026-04-10,,2026-04-10,pix,pago,,2026-05-19T20:15:15.890000
6a0cc52ba1506d3b7cfdb512,68e9066f27bc8da7fb9e45d1,IPTU MARÇO,68e92c57f58ac36af42b3f20,69cc0e09e18ed87b16677f19,361.0,2026-03-10,,2026-03-10,boleto,pago,,2026-05-19T20:16:43.365000
6a0cc5479cd0b8bf405e62a9,68e9066f27bc8da7fb9e45d1,IPTU ABRIL,68e92c57f58ac36af42b3f20,69cc0e09e18ed87b16677f19,361.0,2026-04-10,,2026-04-10,boleto,pago,,2026-05-19T20:17:11.556000
6a0cc55cde5285eb80da04be,68e9066f27bc8da7fb9e45d1,IPTU MAIO,68e92c57f58ac36af42b3f20,69cc0e09e18ed87b16677f19,361.0,2026-05-10,,2026-05-10,boleto,pago,,2026-05-19T20:17:32.497000
6a0cc57b257e27ffde18a2dc,68e9066f27bc8da7fb9e45d1,Retirada Jean,68e9b0461d569b390f8c88ea,,4000.0,2026-04-11,,2026-04-11,pix,pago,,2026-05-19T20:18:03.064000
6a0cc5a79e311aa12e71592e,68e9066f27bc8da7fb9e45d1,50 AC2,68e906987051f18df69bd30e,6920693343569a318b31f6f4,900.0,2026-04-13,,2026-04-13,pix,pago,,2026-05-19T20:18:47.324000
6a0cc5fc44c9fd1abcaf3377,68e90683cc9f060426095152,Conta de Água + Desligamento,68e9069c47b1162efe1d5cdc,68e9b6e477356c75fcc72bdd,418.9,2026-04-14,,2026-04-14,pix,pago,,2026-05-19T20:20:12.144000
6a0cc61025fae7ea09186f08,68e9066f27bc8da7fb9e45d1,50 AC2,68e906987051f18df69bd30e,6920693343569a318b31f6f4,900.0,2026-04-23,,2026-04-23,pix,pago,,2026-05-19T20:20:32.609000
6a0cc66bcc70a3b655b801e4,68e9066f27bc8da7fb9e45d1,Pisos Escada - Faltante,68e906987051f18df69bd30e,692068b89b48a0835132c075,1149.5,2026-04-24,,2026-04-24,pix,pago,,2026-05-19T20:22:03.065000
6a0cc6ad4f0e8624f016bfe8,68e9066f27bc8da7fb9e45d1,Espaçadores e Cunhas,68e906987051f18df69bd30e,68e9b94398991d507ae8d645,215.55,2026-04-27,,2026-04-27,pix,pago,,2026-05-19T20:23:09.676000
6a0cc6c8591b990f45f6a9c6,68e9066f27bc8da7fb9e45d1,Espaçado,68e906987051f18df69bd30e,68e9b94398991d507ae8d645,42.9,2026-04-27,,2026-04-27,pix,pago,,2026-05-19T20:23:36.094000
6a0cc736b1588e56d87bec7f,68e9066f27bc8da7fb9e45d1,Rejunte,68e906987051f18df69bd30e,69cee94661171cd61b388b6a,43.05,2026-04-28,2026-04-02,2026-04-28,pix,pago,,2026-05-19T20:25:26.367000
6a4ce2a955e5756218f90f57,68e9066f27bc8da7fb9e45d1,Retirada Jean,68e9b0461d569b390f8c88ea,,1000.0,2026-05-01,,2026-05-01,pix,pago,,2026-07-07T11:27:37.994000
6a4ce2dc4271b4e49d6b90ab,68e9066f27bc8da7fb9e45d1,35 AC3,68e906987051f18df69bd30e,6920693343569a318b31f6f4,840.0,2026-05-06,,2026-05-06,pix,pago,,2026-07-07T11:28:28.269000
6a4ce3347031c303070db47d,68e9066f27bc8da7fb9e45d1,"Mascara, lixa, disco de parede",68e906987051f18df69bd30e,68e9b94398991d507ae8d645,273.99,2026-05-06,,2026-05-06,pix,pago,,2026-07-07T11:29:56.850000
6a4ce379ddc9c33ced168150,68e9066f27bc8da7fb9e45d1,Calhas aluminio - 50%,68e906987051f18df69bd30e,6928a72bad2b76faada224a4,3420.0,2026-05-12,,2026-05-12,pix,pago,,2026-07-07T11:31:05.738000
6a4ce38f8aba964e4be967b0,68e9066f27bc8da7fb9e45d1,Caçamba,68f38480352d14ef0de7c68a,,350.0,2026-05-15,,2026-05-15,pix,pago,,2026-07-07T11:31:27.609000
6a4ce3d923e1ad20af71f73d,68e9066f27bc8da7fb9e45d1,Portas e fechaduras,68e906987051f18df69bd30e,6a4ce3ba624787b0110cf86c,7030.59,2026-05-15,,2026-05-15,pix,pago,,2026-07-07T11:32:41.231000
6a4ce4117c055769a7f2de09,68e9066f27bc8da7fb9e45d1,Forro Gesso Garagem,68e906987051f18df69bd30e,69429212371113e3979c0dd0,1212.6,2026-05-25,,2026-05-25,pix,pago,,2026-07-07T11:33:37.329000
6a4ce44532a993f33d07c8d7,68e9066f27bc8da7fb9e45d1,Marmore,68e906987051f18df69bd30e,69cc10eb3cd0afdc6a50858b,9199.98,2026-05-25,,2026-05-25,pix,pago,,2026-07-07T11:34:29.347000
6a4ce4a598f8ea20ecad4211,68e9066f27bc8da7fb9e45d1,Argamassa AC3,68e906987051f18df69bd30e,6920693343569a318b31f6f4,130.0,2026-05-25,,2026-05-25,pix,pago,,2026-07-07T11:36:05.643000
6a4ce4d2ceaa1751d29fac08,68e9066f27bc8da7fb9e45d1,Material de tintas internas,68e906987051f18df69bd30e,69cc1e29e981dc58a96c6acb,5826.77,2026-06-25,,2026-06-25,pix,pago,,2026-07-07T11:36:50.912000
6a4ce52de39e9727b7af0223,68e9066f27bc8da7fb9e45d1,Retirada Jean,68e9b0461d569b390f8c88ea,,4000.0,2026-05-29,,2026-05-29,pix,pago,,2026-07-07T11:38:21.210000
6a4ce576de0d3290645f2d82,68e9066f27bc8da7fb9e45d1,Massa Corrida,68e906987051f18df69bd30e,69cc1e29e981dc58a96c6acb,400.0,2026-05-29,,2026-05-29,pix,pago,,2026-07-07T11:39:34.039000
6a4ce5b3112aebc4615f845f,68e90683cc9f060426095152,ISS Demoliçao,68e9287d882b27b7ef91746e,,1413.97,2026-06-03,,2026-06-03,boleto,pago,,2026-07-07T11:40:35.996000
6a4ce5e8b801632e5027076e,68e9066f27bc8da7fb9e45d1,Água,68e9069c47b1162efe1d5cdc,68e9b6e477356c75fcc72bdd,81.24,2025-06-10,,2025-06-10,pix,pago,,2026-07-07T11:41:28.463000
68e9b1bb996c70ce32b7cbe6,68e9066f27bc8da7fb9e45d1,120 Scs de Cimento CP III,68e906987051f18df69bd30e,68e906d4b90a9de73ee0bca0,3432.0,2025-10-12,,2025-08-28,pix,pago,Estacas e Sapatas,2025-10-11T01:24:11.702000
68e9b276ffc9a3c59eb12396,68e9066f27bc8da7fb9e45d1,"18 Barras de Aço 3/8""",68e906987051f18df69bd30e,68e906c9500e91c91af3a826,810.0,2025-10-11,,2025-08-31,pix,pago,,2025-10-11T01:27:18.885000
68e9b30b981b92aa0d560b6b,68e9066f27bc8da7fb9e45d1,2mt de Areia,68e906987051f18df69bd30e,68e9b09fa12479567bf7be5a,420.0,2025-10-13,,2025-09-05,pix,pago,,2025-10-11T01:29:47.707000
68e9b36aa5b3101c9b4b37c9,68e9066f27bc8da7fb9e45d1,2mt de Pedra,68e906987051f18df69bd30e,68e9b10633f34f7da2fdeaad,360.0,2025-10-11,,2025-09-05,pix,pago,Estacas e Sapatas,2025-10-11T01:31:22.084000
68e9b4939e093721c1f690e7,68e9066f27bc8da7fb9e45d1,Materiais Hidráulicos,68e906987051f18df69bd30e,68e9b40dfa83bb166b21fd4e,2923.27,2025-10-11,,2025-09-06,pix,pago,,2025-10-11T01:36:19.297000
68e9b4d533f34f7da2fdfa9b,68e9066f27bc8da7fb9e45d1,Materiais Elétricos,68e906987051f18df69bd30e,68e9b418cb3c2763df7d0de1,904.23,2025-10-11,,2025-09-06,pix,pago,,2025-10-11T01:37:25.688000
68e9b51c776d1d9fce0a891e,68e9066f27bc8da7fb9e45d1,Pregos,68e906987051f18df69bd30e,68e906c3be8b7e945ba55524,1059.54,2025-10-11,,2025-09-06,pix,pago,PREGO 17X21 COM CABEÇA – GERDAU → 60 un. PREGO 18X27 COM CABEÇA – GERDAU → 40 un.,2025-10-11T01:38:36.818000
68e9b572465d0588d3bf42f2,68e9066f27bc8da7fb9e45d1,Sapatas e Ferros,68e906987051f18df69bd30e,68e906c9500e91c91af3a826,675.0,2025-10-11,,2025-09-06,pix,pago,,2025-10-11T01:40:02.160000
68e9b67680a37f6a7917a167,68e9066f27bc8da7fb9e45d1,"1800 Blocos de 11,5cm Vazados",68e906987051f18df69bd30e,68e9b5dfe7d53ef599e8cccd,4842.0,2025-10-11,,2025-09-09,pix,pago,,2025-10-11T01:44:22.525000
68e9b728cd1fcebd8606c3d2,68e9066f27bc8da7fb9e45d1,Água - AGOSTO 2025,68e9069c47b1162efe1d5cdc,68e9b6e477356c75fcc72bdd,76.3,2025-10-11,,2025-09-07,pix,pago,,2025-10-11T01:47:20.913000
68e9b7b794f0bf8039232c75,68e9066f27bc8da7fb9e45d1,Ferros e malhas - Radier,68e906987051f18df69bd30e,68e906c9500e91c91af3a826,11550.01,2025-10-13,,2025-09-11,pix,pago,,2025-10-11T01:49:43.098000
68e9b8da9c69e08d3dd14463,68e9066f27bc8da7fb9e45d1,18m3 de concreto + Bomba - Radier,68e906987051f18df69bd30e,68e906ce87a6820f84712128,10540.0,2025-10-11,,2025-09-11,pix,pago,,2025-10-11T01:54:34.574000
68e9b990996c70ce32b7fc63,68e9066f27bc8da7fb9e45d1,Lona Plástica,68e906987051f18df69bd30e,68e9b94398991d507ae8d645,200.0,2025-10-11,,2025-09-11,pix,pago,,2025-10-11T01:57:36.531000
68e9b9d6c8a54b4fd58b4f5d,68e9066f27bc8da7fb9e45d1,Sapatas,68e906987051f18df69bd30e,68e906c9500e91c91af3a826,2400.0,2025-10-11,,2025-09-11,pix,pago,,2025-10-11T01:58:46.971000
68e9baaac8a54b4fd58b56c8,68e9066f27bc8da7fb9e45d1,Torneira Jardim,68e906987051f18df69bd30e,68e9b94398991d507ae8d645,24.0,2025-10-12,,2025-09-11,pix,pago,,2025-10-11T02:02:18.575000
68e9bb02a12479567bf7fdcf,68e9066f27bc8da7fb9e45d1,Lona Plástica - 3m,68e906987051f18df69bd30e,68e9b94398991d507ae8d645,10.5,2025-10-11,,2025-09-11,pix,pago,,2025-10-11T02:03:46.794000
68e9bb3e8809274c0792c834,68e9066f27bc8da7fb9e45d1,Joelho Esgoto 100mm,68e906987051f18df69bd30e,68e9b40dfa83bb166b21fd4e,7.0,2025-10-11,,2025-09-11,pix,pago,,2025-10-11T02:04:46.209000
68e9bb7dd183b91a117eddf2,68e9066f27bc8da7fb9e45d1,Cadeado 40mm,68e906987051f18df69bd30e,68e9b94398991d507ae8d645,34.0,2025-10-11,,2025-09-11,pix,pago,,2025-10-11T02:05:49.635000
68e9bbc3465d0588d3bf84a0,68e9066f27bc8da7fb9e45d1,Materiais Hidráulicos,68e906987051f18df69bd30e,68e9b40dfa83bb166b21fd4e,304.0,2025-10-11,,2025-09-10,pix,pago,10 TE Esgoto 100x50mm 05 Joelho Esgoto 100x50mm 01 Cola 850g,2025-10-11T02:06:59.532000
68e9bc05e378076d73dd839f,68e9066f27bc8da7fb9e45d1,Luz - MAIO 2025,68e9069c47b1162efe1d5cdc,68e9b6ea776d1d9fce0a94eb,112.26,2025-10-11,,2025-09-09,pix,pago,,2025-10-11T02:08:05.667000
68e9bc3746a5a0f84ff05a14,68e9066f27bc8da7fb9e45d1,Luz - JULHO 2025,68e9069c47b1162efe1d5cdc,68e9b6ea776d1d9fce0a94eb,113.53,2025-10-11,,2025-09-08,pix,pago,,2025-10-11T02:08:55.804000
68e9bca3741334010a59bf6c,68e9066f27bc8da7fb9e45d1,Arame Torcido,68e906987051f18df69bd30e,68e9bc678809274c0792d2cc,340.0,2025-10-11,,2025-09-12,pix,pago,,2025-10-11T02:10:43.125000
68e9bd0018849b2e6999ebfc,68e9066f27bc8da7fb9e45d1,3m de Areia,68e906987051f18df69bd30e,68e9b09fa12479567bf7be5a,585.0,2025-09-15,,2025-09-15,pix,pago,,2025-10-11T02:12:16.480000
68e9bd6ea12479567bf80e00,68e9066f27bc8da7fb9e45d1,"1800 Blocos de 11,5cm Vazados",68e906987051f18df69bd30e,68e9b5dfe7d53ef599e8cccd,4842.4,2025-10-11,,2025-09-16,pix,pago,,2025-10-11T02:14:06.297000
68e9bdba80a37f6a7917da79,68e9066f27bc8da7fb9e45d1,6m3 de concreto - Sapatas,68e906987051f18df69bd30e,68e906ce87a6820f84712128,3180.0,2025-10-12,,2025-09-16,pix,pago,,2025-10-11T02:15:22.822000
68e9be29e6b0b1dc405e760f,68e9066f27bc8da7fb9e45d1,"Madeirites, Caibros e Pontaletes",68e906987051f18df69bd30e,68e906bd27bc8da7fb9e47e8,21000.0,2025-10-11,,2025-09-16,pix,pago,,2025-10-11T02:17:13.890000
68e9be6d438692eb703ba9f4,68e9066f27bc8da7fb9e45d1,Colunas,68e906987051f18df69bd30e,68e906c9500e91c91af3a826,1000.0,2025-10-11,,2025-09-17,pix,pago,,2025-10-11T02:18:21.005000
68e9beb316b2f02221b809db,68e9066f27bc8da7fb9e45d1,2mt de Pedrisco,68e906987051f18df69bd30e,68e9b10633f34f7da2fdeaad,395.0,2025-10-11,,2025-09-18,pix,pago,,2025-10-11T02:19:31.308000
68e9bee4a3f10c40991d1850,68e9066f27bc8da7fb9e45d1,2m de Areia,68e906987051f18df69bd30e,68e9b09fa12479567bf7be5a,419.98,2025-10-11,,2025-09-24,pix,pago,,2025-10-11T02:20:20.899000
68e9bf226e57b4333e344bc8,68e9066f27bc8da7fb9e45d1,20 Scs de Cimento CP II,68e906987051f18df69bd30e,68e906d4b90a9de73ee0bca0,680.0,2025-10-11,,2025-08-24,pix,pago,Estacas e Sapatas,2025-10-11T02:21:22.835000
68e9bf648710677eb8f31269,68e9066f27bc8da7fb9e45d1,20 Sarrafos 15cm,68e906987051f18df69bd30e,68e906bd27bc8da7fb9e47e8,390.0,2025-10-11,,2025-09-24,pix,pago,,2025-10-11T02:22:28.872000
68e9bfba18849b2e6999f4ee,68e9066f27bc8da7fb9e45d1,"01Mangueira Jardim, 4m de Fio 1,5mm, Pino Fêmea",68e906987051f18df69bd30e,68e9b94398991d507ae8d645,113.0,2025-10-11,,2025-09-25,pix,pago,,2025-10-11T02:23:54.685000
68e9c018c8a54b4fd58b83ea,68e9066f27bc8da7fb9e45d1,Plotagem de Projetos,68e927405db45800122d31c0,,8.4,2025-10-11,,2025-09-25,pix,pago,,2025-10-11T02:25:28.823000
68e9c0a5da555c20b791a9bb,68e9066f27bc8da7fb9e45d1,"Sarrafos, Caibros e Pontaletes",68e906987051f18df69bd30e,68e906bd27bc8da7fb9e47e8,4200.0,2025-10-11,,2025-09-27,pix,pago,,2025-10-11T02:27:49.913000
68e9c0e1da555c20b791ac23,68e9066f27bc8da7fb9e45d1,Plotagem de Projetos,68e927405db45800122d31c0,68e9bfe365824ecff4014e89,5.4,2025-10-11,,2025-09-27,pix,pago,,2025-10-11T02:28:49.752000
68e9c10ad183b91a117f150c,68e9066f27bc8da7fb9e45d1,2m de Areia,68e906987051f18df69bd30e,68e9b09fa12479567bf7be5a,420.0,2025-10-11,,2025-09-29,pix,pago,,2025-10-11T02:29:30.547000
68e9c142bd46c709279663a9,68e9066f27bc8da7fb9e45d1,2mt de Pedrisco,68e906987051f18df69bd30e,68e9b10633f34f7da2fdeaad,400.0,2025-10-11,,2025-09-30,pix,pago,,2025-10-11T02:30:26.292000
68e9c1a0e6b0b1dc405e9483,68e9066f27bc8da7fb9e45d1,12 Vigas,68e906987051f18df69bd30e,68e906c9500e91c91af3a826,1800.0,2025-10-11,,2025-09-29,pix,pago,,2025-10-11T02:32:00.857000
68e9c1f2d183b91a117f1d2a,68e9066f27bc8da7fb9e45d1,Ferros e malhas,68e906987051f18df69bd30e,68e906c9500e91c91af3a826,1739.0,2025-10-01,,2025-10-01,pix,pago,,2025-10-11T02:33:22.381000
68e9c49f5d3fd99920a76ceb,68e9066f27bc8da7fb9e45d1,Água - SETEMBRO 2025,68e9069c47b1162efe1d5cdc,68e9b6e477356c75fcc72bdd,95.56,2025-10-11,,2025-10-02,pix,pago,,2025-10-11T02:44:47.393000
68e9c5a8bd46c70927968802,68e90683cc9f060426095152,Assessoria Ideal - Pacote convencional,68e927405db45800122d31c0,,22500.0,2025-10-11,,2025-10-01,pix,pago,"Pacote convencional - Aprovação de projeto, Demolição, Manual, 3D, planta humanizada....",2025-10-11T02:49:12.031000
68e9d6bdf9f0c894eb7081e3,68e9066f27bc8da7fb9e45d1,Retirada Jean,68e9b0461d569b390f8c88ea,,3000.0,2025-09-12,,2025-09-12,pix,pago,,2025-10-11T04:02:05.965000
68e9d6f16f840e1949a9360c,68e9066f27bc8da7fb9e45d1,Retirada Jean,68e9b0461d569b390f8c88ea,,3000.0,2025-10-01,,2025-10-01,pix,pago,,2025-10-11T04:02:57.713000
68e9ddb21d569b390f8e55de,68e9066f27bc8da7fb9e45d1,Vassoura,68e906987051f18df69bd30e,68e9b94398991d507ae8d645,21.0,2025-10-04,,2025-10-04,pix,pago,,2025-10-11T04:31:46.689000
68e9e27e438dabc4bf97f2ab,68e9066f27bc8da7fb9e45d1,28m3 de concreto + Bomba - 1º Laje,68e906987051f18df69bd30e,68e906ce87a6820f84712128,15840.0,2025-10-04,,2025-10-04,pix,pago,,2025-10-11T04:52:14.258000
68e9e302996c70ce32b90a3c,68e9066f27bc8da7fb9e45d1,Cxs de Luz para laje + Luvas,68e906987051f18df69bd30e,68e9b418cb3c2763df7d0de1,211.0,2025-10-05,,2025-10-05,pix,pago,,2025-10-11T04:54:26.426000
68e9e5476525d8f6093a1aa6,68e9066f27bc8da7fb9e45d1,1000 Espaçadores para Laje,68e9b929f73b36d98b32ef06,,285.0,2025-10-05,,2025-10-05,pix,pago,,2025-10-11T05:04:07.797000
68e9e5a018849b2e699a75b5,68e9066f27bc8da7fb9e45d1,Caibros e Sarrafos,68e906987051f18df69bd30e,68e906bd27bc8da7fb9e47e8,1079.43,2025-10-05,,2025-10-05,pix,pago,,2025-10-11T05:05:36.924000
68e9e5ec2ee9c51368b946da,68e9066f27bc8da7fb9e45d1,Luz - SETEMBRO 2025,68e9069c47b1162efe1d5cdc,68e9b6ea776d1d9fce0a94eb,136.76,2025-10-05,,2025-10-05,pix,pago,,2025-10-11T05:06:52.667000
68e9e63816b2f02221b9b200,68e9066f27bc8da7fb9e45d1,6m3 de concreto (Complemento) - 1º Laje,68e906987051f18df69bd30e,,1060.0,2025-10-07,,2025-10-07,pix,pago,,2025-10-11T05:08:08.747000
68e9e67b776d1d9fce0bd612,68e9066f27bc8da7fb9e45d1,"1800 Blocos de 11,5cm Vazados",68e906987051f18df69bd30e,68e9b5dfe7d53ef599e8cccd,4842.0,2025-10-07,,2025-10-07,pix,pago,,2025-10-11T05:09:15.683000
68e9e6aabd46c7092797a8c7,68e9066f27bc8da7fb9e45d1,20 Scs de Cimento CP II,68e906987051f18df69bd30e,68e906d4b90a9de73ee0bca0,680.0,2025-10-08,,2025-10-08,pix,pago,,2025-10-11T05:10:02.624000
68e9e8425d3fd99920a8b985,68e9066f27bc8da7fb9e45d1,3m de Areia,68e906987051f18df69bd30e,68e9b09fa12479567bf7be5a,585.0,2025-10-09,,2025-10-09,pix,pago,,2025-10-11T05:16:50.812000
68e9e85c7f37d0be74ea712b,68e9066f27bc8da7fb9e45d1,3m de Pedrisco,68e906987051f18df69bd30e,68e9b10633f34f7da2fdeaad,585.0,2025-10-09,,2025-10-09,pix,pago,,2025-10-11T05:17:16.793000
68e9e8baa45e3d669dd85076,68e9066f27bc8da7fb9e45d1,20 Scs de Cimento CP II,68e906987051f18df69bd30e,68e906d4b90a9de73ee0bca0,680.0,2025-10-10,,2025-10-10,pix,pago,,2025-10-11T05:18:50.065000
68e9e8f72ee9c51368b950e1,68e9066f27bc8da7fb9e45d1,3m de Areia,68e906987051f18df69bd30e,68e9b09fa12479567bf7be5a,585.0,2025-10-10,,2025-10-10,pix,pago,,2025-10-11T05:19:51.038000
68eacf2cc3db02e2b121d671,68e9066f27bc8da7fb9e45d1,04 Scs de Cimento CPII,68e906987051f18df69bd30e,68e906d4b90a9de73ee0bca0,144.0,2025-10-12,,2025-10-12,pix,pago,,2025-10-11T21:42:04.193000
68ebf6dfedbd7d91cc02934a,68e9066f27bc8da7fb9e45d1,06 Tubo PVC 25mm,68e906987051f18df69bd30e,68e9b40dfa83bb166b21fd4e,143.4,2025-10-12,,2025-10-12,pix,pago,,2025-10-12T18:43:43.091000
68ed3cb376563e567e661203,68e9066f27bc8da7fb9e45d1,01 Sc de Cimento CPII,68e906987051f18df69bd30e,68e906d4b90a9de73ee0bca0,35.99,2025-10-12,,2025-10-12,pix,pago,,2025-10-13T17:53:55.009000
68ed3ce971b3f407a5a84724,68e9066f27bc8da7fb9e45d1,02 Botas,68e906987051f18df69bd30e,68e9b94398991d507ae8d645,108.0,2025-10-12,,2025-10-12,pix,pago,,2025-10-13T17:54:49.880000
68ed3d75c2d4e722195b8330,68e9066f27bc8da7fb9e45d1,02 Kg Prego 15x15,68e906987051f18df69bd30e,68e906c3be8b7e945ba55524,44.0,2025-10-12,,2025-10-12,pix,pago,,2025-10-13T17:57:09.386000
68ed3da793d9b88781c13d05,68e9066f27bc8da7fb9e45d1,25 Estribos,68e906987051f18df69bd30e,68e906c9500e91c91af3a826,33.75,2025-10-12,,2025-10-12,pix,pago,,2025-10-13T17:57:59.381000
68f00177f19d7958537df950,68e9066f27bc8da7fb9e45d1,1750 Blocos,68e906987051f18df69bd30e,68e9b5dfe7d53ef599e8cccd,4846.7,2025-10-16,,2025-10-16,pix,pago,,2025-10-15T20:17:59.025000
68f12f89a495c5c8398bd202,68e9066f27bc8da7fb9e45d1,Vigas e Pilares,68e906987051f18df69bd30e,68e906c9500e91c91af3a826,3450.0,2025-10-16,,2025-10-16,pix,pago,,2025-10-16T17:46:49.927000
68f12faddeac20b81700206e,68e9066f27bc8da7fb9e45d1,Retirada Jean,68e9b0461d569b390f8c88ea,,3000.0,2025-10-16,,2025-10-16,pix,pago,,2025-10-16T17:47:25.013000
68f12fea1dd55392d30a2407,68e9066f27bc8da7fb9e45d1,2mt de pedrisco,68e906987051f18df69bd30e,68e9b10633f34f7da2fdeaad,390.0,2025-10-17,,2025-10-17,pix,pago,,2025-10-16T17:48:26.900000
68f2774e24913b6d203e6047,68e90683cc9f060426095152,RRT Projeto,68e9287d882b27b7ef91746e,,125.4,2025-10-18,,2025-10-18,boleto,pago,,2025-10-17T17:05:18.657000
68f2778e9750b676d898382e,68e90683cc9f060426095152,RRT Execução ,68e9287d882b27b7ef91746e,,125.4,2025-10-18,,2025-10-18,boleto,pago,,2025-10-17T17:06:22.476000
68f277b93696393a9b1f5f57,68e9066f27bc8da7fb9e45d1,2mt de Areia,68e906987051f18df69bd30e,68e9b09fa12479567bf7be5a,420.0,2025-10-18,,2025-10-18,pix,pago,,2025-10-17T17:07:05.770000
68f37f77d91599568098fb1f,68e9066f27bc8da7fb9e45d1,40 scs Cimento CP II,68e906987051f18df69bd30e,68e906d4b90a9de73ee0bca0,1080.0,2025-10-18,,2025-10-18,pix,pago,,2025-10-18T11:52:23.355000
68f3803b417a6a6d181f18d8,68e9066f27bc8da7fb9e45d1,15 rolo conduíte refor. Laje,68e906987051f18df69bd30e,,752.4,2025-10-18,,2025-10-18,pix,pago,,2025-10-18T11:55:39.941000
68f381f3fe0ddc54088429bb,68e9066f27bc8da7fb9e45d1,Material Hidráulico ,68e906987051f18df69bd30e,68e9b40dfa83bb166b21fd4e,12100.0,2025-10-20,,2025-10-20,pix,pago,"ÁGUA 
67 barras de cano de 3/4
10 barras de cano de 50
50 juelhos 3/4 cola e rosca azul 
75 juelhos de 3/4
20 te de 3/4 cola e rosca azul 
21 registros 3/4 de gaveta com os adaptados 
15 registros 3/4 de prencăo cm os adaptadores 
15 redução 50 pra 3/4
15 te de 50 saída pra 3/4
20 juelhos 50 de 90g
15 juelhos 50 de 45g
10 te de 50
10 alfrange de 50
20 alfrange de 3/4
6 bóia 
3 pote de cola grande 
5 veda rosca grande 
6 caixas de água 1000L
6 registros de 50

ESGOTO
26 barras de cano de 100
15 barras de cano de 75
20 barras de cano de 50
10 barras de cano de 40
20 juelhos de 100
15 juelhos de 100 cm visita 
20 ralos de 10
30 juelhos 50 de 90g
25 juelhos 50 de 45g
25 juelhos 40 de 90g
20 juelhos 40 de 45g
10 juelhos 75 de 45g
20 juelhos 75 de 90g
25 te de 50
10 te 75 saida pra 50
20 redução de 50 pra 40
15 te 100 saida pra 50",2025-10-18T12:02:59.435000
68f3841fe27ba188a256ad87,68e9066f27bc8da7fb9e45d1,45 cxs luz p/ laje,68e906987051f18df69bd30e,68e9b418cb3c2763df7d0de1,171.0,2025-10-18,,2025-10-18,pix,pago,,2025-10-18T12:12:15.091000
68f3862edd51b2598a0004cb,68e9066f27bc8da7fb9e45d1,5 Caminhões retirada de entulhos,68f38480352d14ef0de7c68a,,2250.0,2025-09-13,,2025-09-13,pix,pago,,2025-10-18T12:21:02.920000
68f6de3dc1301cbbfbc18ad0,68e9066f27bc8da7fb9e45d1,Plotagem de Projetos,68e927405db45800122d31c0,68e9bfe365824ecff4014e89,32.2,2025-10-21,,2025-10-21,pix,pago,,2025-10-21T01:13:33.899000
68f6de73c1da19863d2aada7,68e9066f27bc8da7fb9e45d1,40 barras 3/8,68e906987051f18df69bd30e,68e906c9500e91c91af3a826,1800.0,2025-10-21,,2025-10-21,pix,pago,,2025-10-21T01:14:27.907000
68fa61f153595a062b379939,68e9066f27bc8da7fb9e45d1,150 Cxs Interruptor / Tomadas + 1 Rolo Conduíte 3/4,68e906987051f18df69bd30e,,199.56,2025-10-22,,2025-10-22,pix,pago,,2025-10-23T17:12:17.150000
68fa6226123135403f44b072,68e9066f27bc8da7fb9e45d1,3m de Areia,68e906987051f18df69bd30e,68e9b09fa12479567bf7be5a,585.0,2025-10-24,,2025-10-24,pix,pago,,2025-10-23T17:13:10.371000
68ff779398cf00149e97f253,68e9066f27bc8da7fb9e45d1,Quadros para Disjuntores,68e906987051f18df69bd30e,68e9b418cb3c2763df7d0de1,279.47,2025-10-24,,2025-10-24,pix,pago,,2025-10-27T13:45:55.315000
690263e021007e60e32c3bf6,68e9066f27bc8da7fb9e45d1,2 Bianco 18L,68e906987051f18df69bd30e,69026399d24246f59672e99b,539.78,2025-10-29,,2025-10-29,pix,pago,,2025-10-29T18:58:40.626000
6902657a2cce3ed562ea1367,68e9066f27bc8da7fb9e45d1,Placa de Obra - Sinal (50%),6902648d5db3025f0e48047d,,195.0,2025-10-30,,2025-10-30,pix,pago,,2025-10-29T19:05:30.382000
6902669ed7f4dbbd6a493709,68e9066f27bc8da7fb9e45d1,55 Cimentos,68e906987051f18df69bd30e,68e906d4b90a9de73ee0bca0,1485.0,2025-10-30,,2025-10-30,pix,pago,,2025-10-29T19:10:22.622000
690266eb989ffd39ce5307c8,68e9066f27bc8da7fb9e45d1,3mt de Pedrisco,68e906987051f18df69bd30e,,585.0,2025-10-30,,2025-10-30,pix,pago,,2025-10-29T19:11:39.885000
690267493ecbe93b3b564573,68e9066f27bc8da7fb9e45d1,3m de Areia,68e906987051f18df69bd30e,,585.0,2025-10-30,,2025-10-30,pix,pago,,2025-10-29T19:13:13.114000
6904ffefb13ecccd1b6d468d,68e9066f27bc8da7fb9e45d1,20 Scs de Cimento CP II,68e906987051f18df69bd30e,68e906d4b90a9de73ee0bca0,680.0,2025-11-01,,2025-11-01,pix,pago,,2025-10-31T18:29:03.456000
690500611886833153c1274b,68e9066f27bc8da7fb9e45d1,Sarrafos e Vigas,68e906987051f18df69bd30e,68e906bd27bc8da7fb9e47e8,2100.5,2025-11-01,,2025-11-01,pix,pago,,2025-10-31T18:30:57.752000
69090a0fea10fd230c6d4024,68e9066f27bc8da7fb9e45d1,Água - OUTUBRO 2025,68e9069c47b1162efe1d5cdc,68e9b6e477356c75fcc72bdd,87.03,2025-11-04,,2025-11-04,pix,pago,,2025-11-03T20:01:19.879000
690bc15ed19f0b6cb32d1d63,68e9066f27bc8da7fb9e45d1,Batentes,68e906987051f18df69bd30e,,4025.23,2025-11-05,,2025-11-05,pix,pago,,2025-11-05T21:27:58.289000
690bc1d9e74fb1886e09f0ee,68e9066f27bc8da7fb9e45d1,02 Discos de madeira para Makita,68e906987051f18df69bd30e,68e9b94398991d507ae8d645,39.8,2025-11-05,,2025-11-05,pix,pago,,2025-11-05T21:30:01.031000
690e17002538975504bae334,68e9066f27bc8da7fb9e45d1,Serralheria - Esquadrias de Alumínio,68e906987051f18df69bd30e,690e16409eba45468bfe8ba0,70000.0,2025-11-07,,,pix,programado,,2025-11-07T15:57:52.544000
690e179ba5aae6060312deb0,68e9066f27bc8da7fb9e45d1,Malhas,68e906987051f18df69bd30e,68e906c9500e91c91af3a826,1950.0,2025-11-07,,2025-11-07,pix,pago,,2025-11-07T16:00:27.111000
690e1803a79d6f8251b6f4de,68e9066f27bc8da7fb9e45d1,15 Registros de Pressão 3/4,68e906987051f18df69bd30e,68e9b40dfa83bb166b21fd4e,628.25,2025-11-08,,2025-11-08,pix,pago,,2025-11-07T16:02:11.784000
690f4c56a2595c8d2f1c8d44,68e9066f27bc8da7fb9e45d1,19m3 de concreto + Bomba - 2º Laje,68e906987051f18df69bd30e,68e906ce87a6820f84712128,11020.0,2025-11-09,,2025-11-09,pix,pago,,2025-11-08T13:57:42.082000
6913458694a4b97161910108,68e9066f27bc8da7fb9e45d1,2m3 de concreto - complemento ,68e906987051f18df69bd30e,68e906ce87a6820f84712128,1060.0,2025-11-11,,2025-11-11,pix,pago,,2025-11-11T14:17:42.859000
691345cd415cd2c028428526,68e90683cc9f060426095152,Taxa de aprovação ,68e9287d882b27b7ef91746e,,3334.18,2025-11-11,,2025-11-11,boleto,pago,,2025-11-11T14:18:53.867000
69139fee5989ca3ba0f82a50,68e9066f27bc8da7fb9e45d1,1780 Blocos,68e906987051f18df69bd30e,68e9b5dfe7d53ef599e8cccd,5013.0,2025-11-12,,2025-11-12,pix,pago,,2025-11-11T20:43:26.665000
692068ed465f93fb4d0cbd03,68e9066f27bc8da7fb9e45d1,Pisos brancos banheiros e cozinhas - 432m,68e906987051f18df69bd30e,692068b89b48a0835132c075,9676.8,2025-11-13,,2025-11-13,pix,pago,,2025-11-21T13:28:13.578000
6920696d74163f721d7f1bb1,68e9066f27bc8da7fb9e45d1,80 argamassa AC II,68e906987051f18df69bd30e,6920693343569a318b31f6f4,1920.0,2025-11-15,,2025-11-15,pix,pago,,2025-11-21T13:30:21.291000
69206a1d5f7b53eb923ff088,68e9066f27bc8da7fb9e45d1,Retirada Jean,68e9b0461d569b390f8c88ea,,4000.0,2025-11-18,,2025-11-18,pix,pago,,2025-11-21T13:33:17.176000
69206ab5567e778fe5cf08d8,68e9066f27bc8da7fb9e45d1,"Cerveja, Pitu, Carvão, Refrigerante",68e9eb2c7f37d0be74ea87a0,,152.49,2025-11-16,,2025-11-16,pix,pago,,2025-11-21T13:35:49.774000
69206bdf05e390ee1b49f8f8,68e9066f27bc8da7fb9e45d1,Carnes,68e9eb2c7f37d0be74ea87a0,,200.0,2025-11-15,,2025-11-15,pix,pago,,2025-11-21T13:40:47.223000
692070e37993370a076c536d,68e9066f27bc8da7fb9e45d1,"Frango, linguiça, farofa, tempero….",68e9eb2c7f37d0be74ea87a0,,104.59,2025-10-12,,2025-10-12,pix,pago,,2025-11-21T14:02:11.131000
6920712028a9bdc526d21594,68e9066f27bc8da7fb9e45d1,"Descartáveis, carvão, bebidas",68e9eb2c7f37d0be74ea87a0,,120.42,2025-10-12,,2025-10-12,pix,pago,,2025-11-21T14:03:12.350000
6920715aff3525a26532e237,68e9066f27bc8da7fb9e45d1,Grelha e carvão,68e9eb2c7f37d0be74ea87a0,,78.98,2025-10-12,,2025-10-12,pix,pago,,2025-11-21T14:04:10.583000
6920730c74163f721d7f5895,68e9066f27bc8da7fb9e45d1,3m de Areia,68e906987051f18df69bd30e,68e9b09fa12479567bf7be5a,585.0,2025-11-22,,2025-11-22,pix,pago,,2025-11-21T14:11:24.394000
692073427547d17924bdf9f3,68e90683cc9f060426095152,Taxa de Demolição,68e9287d882b27b7ef91746e,,636.11,2025-11-22,,2025-11-22,boleto,pago,,2025-11-21T14:12:18.550000
6920b88e92ce469a6e8571df,68e9066f27bc8da7fb9e45d1,3m de Areia,68e906987051f18df69bd30e,68e9b09fa12479567bf7be5a,585.0,2025-11-22,,2025-11-22,pix,pago,,2025-11-21T19:07:58.449000
6928a62aab6956e773bd83bd,68e90683cc9f060426095152,Taxa Escritura,6928a5ede6c5484ce69eb36d,,15096.61,2025-11-26,,2025-11-26,pix,pago,,2025-11-27T19:27:38.625000
6928a6c9cfbbeaa455d10474,68e90683cc9f060426095152,"Telhas, cadeado, correte, dobradiça",68e906987051f18df69bd30e,68e9af404ecff33c334996bf,3600.86,2025-11-26,,2025-11-26,pix,pago,,2025-11-27T19:30:17.443000
6928a76ea9bdfaeb0f864bad,68e9066f27bc8da7fb9e45d1,"Material para telhado (Vigas, Caibros, Telhas...)",68e906987051f18df69bd30e,68e906bd27bc8da7fb9e47e8,17600.0,2025-11-27,,2025-11-27,pix,pago,,2025-11-27T19:33:02.962000
6928b82255197d28e15fa48e,68e9066f27bc8da7fb9e45d1,20 Scs de Cimento CP II,68e906987051f18df69bd30e,68e906d4b90a9de73ee0bca0,680.0,2025-11-28,,2025-11-28,pix,pago,,2025-11-27T20:44:18.156000
6928b87161b564abf2aac240,68e9066f27bc8da7fb9e45d1,"Malhas, Barras e Estribos",68e906987051f18df69bd30e,68e906c9500e91c91af3a826,2290.0,2025-11-28,,2025-11-28,pix,pago,,2025-11-27T20:45:37.359000
69419f2df1a00f0d577bc2b5,68e9066f27bc8da7fb9e45d1,Material Elétrico,68e906987051f18df69bd30e,68e9b418cb3c2763df7d0de1,1136.75,2025-12-02,,2025-12-02,pix,pago,"-100 cx de luz 4x2
-50m Tela Viveiro
-15m Concertina
-100 cx de luz p/ laje
-5 conduite 3/4
-30 Adaptador 3/4
-5 Conduíte 1"" reforçado
-4 Fita isolante",2025-12-16T18:04:29.047000
69419fa74154305c2197d674,68e9066f27bc8da7fb9e45d1,18m3 de concreto,68e906987051f18df69bd30e,68e906ce87a6820f84712128,10490.0,2025-12-02,,2025-12-02,pix,pago,,2025-12-16T18:06:31.296000
69419fe165ef4a9c6868a06a,68e9066f27bc8da7fb9e45d1,2m3 de concreto - complemento ,68e906987051f18df69bd30e,68e906ce87a6820f84712128,1060.0,2025-12-03,,2025-12-03,pix,pago,,2025-12-16T18:07:29.829000
6941a09650b7dda8caca7377,68e9066f27bc8da7fb9e45d1,Caçamba,68f38480352d14ef0de7c68a,,350.0,2025-12-04,,2025-12-04,pix,pago,,2025-12-16T18:10:30.544000
6941a0cf25ac8e922e128e45,68e9066f27bc8da7fb9e45d1,Placa de Obra - Restante (50%),6902648d5db3025f0e48047d,,195.0,2025-12-04,,2025-12-04,pix,pago,,2025-12-16T18:11:27.067000
6941cdeb613ceaec3f3f8b66,68e90683cc9f060426095152,2kg de Prego para Telha,68e906987051f18df69bd30e,68e906c3be8b7e945ba55524,109.35,2025-12-06,,2025-12-06,pix,pago,,2025-12-16T21:23:55.726000
6941ce96d9c0be18522b1205,68e9066f27bc8da7fb9e45d1,2mt de Pedrisco,68e906987051f18df69bd30e,68e9b10633f34f7da2fdeaad,185.0,2025-12-06,,2025-12-06,pix,pago,,2025-12-16T21:26:46.798000
6941cecdc7fa8f2f6efd28c8,68e9066f27bc8da7fb9e45d1,3 Scs de Cimento CP II + Tomada,68e906987051f18df69bd30e,68e906d4b90a9de73ee0bca0,113.9,2025-12-06,,2025-12-06,pix,pago,,2025-12-16T21:27:41.395000
6941cfa13d26fb17e257ecfe,68e90683cc9f060426095152,04 Kit Concertina,68e906987051f18df69bd30e,68e9b94398991d507ae8d645,417.0,2025-12-09,,2025-12-09,pix,pago,,2025-12-16T21:31:13.756000
6941d00193e326358b76137b,68e9066f27bc8da7fb9e45d1,6mt de Areia,68e906987051f18df69bd30e,68e9b09fa12479567bf7be5a,185.0,2025-12-09,,2025-12-09,pix,pago,,2025-12-16T21:32:49.233000
6941d10f70539150fc885c4b,68e9066f27bc8da7fb9e45d1,1760 Blocos,68e906987051f18df69bd30e,68e9b5dfe7d53ef599e8cccd,5027.4,2025-12-09,,2025-12-09,pix,pago,,2025-12-16T21:37:19.291000
6941d1db613ceaec3f3f8fbb,68e90683cc9f060426095152,Luz - Contas atrasadas,68e9069c47b1162efe1d5cdc,68e9b6ea776d1d9fce0a94eb,929.59,2025-12-09,,2025-12-09,pix,pago,,2025-12-16T21:40:43.213000
6941d258ecd347c772dce8dc,68e90683cc9f060426095152,"Retirada de entulho, limpeza terreno",68f38480352d14ef0de7c68a,,1300.0,2025-12-09,,2025-12-09,pix,pago,,2025-12-16T21:42:48.594000
6941d2e11c073dd605f70f1a,68e90683cc9f060426095152,Ligação do Poste de Energia - Sinal (50%),68e9069c47b1162efe1d5cdc,,4200.0,2025-12-10,,2025-12-10,pix,pago,,2025-12-16T21:45:05.543000
6942902692c5cf559a1f4988,68e9066f27bc8da7fb9e45d1,Pisos decorados banheiros - 40m,68e906987051f18df69bd30e,692068b89b48a0835132c075,1609.93,2025-12-11,,2025-12-11,pix,pago,,2025-12-17T11:12:38.107000
6942905f9bbfeca1c576ea23,68e9066f27bc8da7fb9e45d1,Retirada Jean,68e9b0461d569b390f8c88ea,,2000.0,2025-12-12,,2025-12-12,pix,pago,,2025-12-17T11:13:35.256000
694290a0f72116bad1077433,68e90683cc9f060426095152,Água - Contas atrasadas,68e9069c47b1162efe1d5cdc,68e9b6e477356c75fcc72bdd,929.59,2025-12-12,,2025-12-12,pix,pago,,2025-12-17T11:14:40.745000
694290fc611ce055c43abfce,68e90683cc9f060426095152,TRT laudo de licença ambiental,68e9287d882b27b7ef91746e,,64.87,2025-12-13,,2025-12-13,boleto,pago,,2025-12-17T11:16:12.074000
6942913acbc86570b42d7db7,68e9066f27bc8da7fb9e45d1,10 Telhas brasilit + 30 Pregos,68e906987051f18df69bd30e,68e9af404ecff33c334996bf,539.0,2025-12-13,,2025-12-13,pix,pago,,2025-12-17T11:17:14.557000
694291cfeec88bde1624068f,68e90683cc9f060426095152,"100m de fio, conduíte, tomada, régua, fita isolante Guilhermina",68e906987051f18df69bd30e,68e9b418cb3c2763df7d0de1,392.46,2025-12-14,,2025-12-14,pix,pago,,2025-12-17T11:19:43.219000
6942926f9406979f8761eb22,68e9066f27bc8da7fb9e45d1,100 Sacos Gesso,68e906987051f18df69bd30e,69429212371113e3979c0dd0,2950.97,2025-12-16,,2025-12-16,pix,pago,,2025-12-17T11:22:23.457000
6942928a9262562cd3299660,68e9066f27bc8da7fb9e45d1,Retirada Jean,68e9b0461d569b390f8c88ea,,1000.0,2025-12-16,,2025-12-16,pix,pago,,2025-12-17T11:22:50.142000
6942931dde2395c2bd844967,68e90683cc9f060426095152,"Caixa Sabesp, repetidor (câmeras), 3 cartão de memória (câmeras",68e906987051f18df69bd30e,68e9b94398991d507ae8d645,460.0,2025-12-17,,2025-12-17,pix,pago,,2025-12-17T11:25:17.382000
69775b4d03ca1fa663d7bf86,68e9066f27bc8da7fb9e45d1,"Tijolinho, vassoura, disco makita, esgoto, lajota, cimento,",68e906987051f18df69bd30e,68e9b94398991d507ae8d645,990.48,2025-12-17,,2025-12-17,pix,pago,,2026-01-26T12:17:17.131000
69775bc9990301bf932dfec9,68e90683cc9f060426095152,M.O para Fechar obra com Tapume,68e9345084968d2dd1b56dcd,68e93473365895d227c95912,1500.0,2025-12-19,,2025-12-19,pix,pago,,2026-01-26T12:19:21.185000
69775c315a09b41740b90294,68e9066f27bc8da7fb9e45d1,700 Tijolo Canaleta,68e906987051f18df69bd30e,,1995.0,2025-12-19,,2025-12-19,pix,pago,,2026-01-26T12:21:05.088000
69775c7bb87c48044b95f517,68e9066f27bc8da7fb9e45d1,1m pedrisco + 6 ACII + 3 Cimentos,68e906987051f18df69bd30e,68e9b94398991d507ae8d645,499.98,2025-12-19,,2025-12-19,pix,pago,,2026-01-26T12:22:19.359000
69775ca77a9a95c70bb0c521,68e9066f27bc8da7fb9e45d1,3 Caçamba,68f38480352d14ef0de7c68a,,1050.0,2025-12-19,,2025-12-19,pix,pago,,2026-01-26T12:23:03.029000
697764821fe0fb9984ec299e,68e9066f27bc8da7fb9e45d1,40 Gesso,68e906987051f18df69bd30e,,1160.0,2026-01-06,,2026-01-06,pix,pago,,2026-01-26T12:56:34.535000
697764b3dc796833408b4931,68e9066f27bc8da7fb9e45d1,cimento + argamassa + areia,68e906987051f18df69bd30e,,741.1,2026-01-06,,2026-01-06,pix,pago,,2026-01-26T12:57:23.210000
6977651f0eceba2d79c52f8a,68e9066f27bc8da7fb9e45d1,50 Scs de Cimento CP III,68e906987051f18df69bd30e,68e906d4b90a9de73ee0bca0,1550.0,2026-01-07,,2026-01-07,pix,pago,Estacas e Sapatas,2026-01-26T12:59:11.064000
6977661b7782ba3649b53366,68e90683cc9f060426095152,Sarrafos,68e906987051f18df69bd30e,,331.62,2026-01-08,,2026-01-08,pix,pago,,2026-01-26T13:03:23.699000
697766e42999ccd6bff8b3a5,68e9066f27bc8da7fb9e45d1,4mt de Areia Grossa,68e906987051f18df69bd30e,68e9b09fa12479567bf7be5a,924.99,2026-01-22,,2026-01-22,pix,pago,,2026-01-26T13:06:44.452000
6977671c094a932869a03184,68e9066f27bc8da7fb9e45d1,Bianco,68e906987051f18df69bd30e,68e9b94398991d507ae8d645,189.0,2026-01-09,,2026-01-09,pix,pago,,2026-01-26T13:07:40.590000
6977677a8e367e3e63222596,68e9066f27bc8da7fb9e45d1,10 Scs de Cimento CP II,68e906987051f18df69bd30e,68e906d4b90a9de73ee0bca0,340.0,2026-01-10,,2026-01-10,pix,pago,,2026-01-26T13:09:14.453000
6977679a388b1515edb1d24e,68e9066f27bc8da7fb9e45d1,Caçamba,68f38480352d14ef0de7c68a,,350.0,2026-01-13,,2026-01-13,pix,pago,,2026-01-26T13:09:46.431000
697767ba6129bc6a7d8b9dd1,68e9066f27bc8da7fb9e45d1,Retirada Jean,68e9b0461d569b390f8c88ea,,4000.0,2026-01-13,,2026-01-13,pix,pago,,2026-01-26T13:10:18.697000
697767f04101ee4350ffc96c,68e9066f27bc8da7fb9e45d1,Calhas,68e906987051f18df69bd30e,6928a72bad2b76faada224a4,7084.0,2026-01-13,,2026-01-13,pix,pago,,2026-01-26T13:11:12.724000
6977683e7e83832518f0d26e,68e9066f27bc8da7fb9e45d1,Telhas Romanas,68e906987051f18df69bd30e,68e9af404ecff33c334996bf,398.0,2026-01-14,,2026-01-14,pix,pago,,2026-01-26T13:12:30.996000
6977689445f4c368431c62fc,68e9066f27bc8da7fb9e45d1,Rejunte e Argamassa,68e906987051f18df69bd30e,6920693343569a318b31f6f4,490.0,2026-01-15,,2026-01-15,pix,pago,,2026-01-26T13:13:56.186000
697768cfc63385adccf2a8ad,68e9066f27bc8da7fb9e45d1,40 Gesso,68e906987051f18df69bd30e,,1160.0,2026-01-15,,2026-01-15,pix,pago,,2026-01-26T13:14:55.300000
6977727c289a4b7b1f131c84,68e9066f27bc8da7fb9e45d1,10 Gesso,68e906987051f18df69bd30e,69429212371113e3979c0dd0,290.0,2026-01-22,,2026-01-22,pix,pago,,2026-01-26T13:56:12.201000
69b713ef81f774ee18a853ec,68e9066f27bc8da7fb9e45d1,4 metros de areia grossa,68e906987051f18df69bd30e,68e9b09fa12479567bf7be5a,740.0,2026-01-21,,2026-01-21,pix,pago,,2026-03-15T20:17:51.975000
69cc0e3a6d2c9a9e53652d0d,68e9066f27bc8da7fb9e45d1,IPTU JANERIO,68e92c57f58ac36af42b3f20,,368.22,2026-01-27,,2026-01-27,boleto,pago,,2026-03-31T18:11:06.442000
69cc0f0c9b1f9c90f16f1ade,68e90683cc9f060426095152,Luz JANEIRO,68e9069c47b1162efe1d5cdc,68e9b6ea776d1d9fce0a94eb,115.15,2026-01-27,,2026-01-27,pix,pago,,2026-03-31T18:14:36.021000
69cc0f456a1864b3be8b5452,68e9066f27bc8da7fb9e45d1,50 Scs de Cimento CP III,68e906987051f18df69bd30e,68e906d4b90a9de73ee0bca0,1550.0,2026-01-29,,2026-01-29,pix,pago,Estacas e Sapatas,2026-03-31T18:15:33.845000
69cc0f66d41917595b7e3b63,68e9066f27bc8da7fb9e45d1,5 metros de areia grossa,68e906987051f18df69bd30e,68e9b09fa12479567bf7be5a,740.0,2026-01-29,,2026-01-29,pix,pago,,2026-03-31T18:16:06.347000
69cc0f7af1d4d1b33dc6f3f7,68e9066f27bc8da7fb9e45d1,Caçamba,68f38480352d14ef0de7c68a,,350.0,2026-01-29,,2026-01-29,pix,pago,,2026-03-31T18:16:26.888000
69cc10685870429b99267dda,68e9066f27bc8da7fb9e45d1,Vigas e Colunas,68e906987051f18df69bd30e,68e906c9500e91c91af3a826,1075.0,2026-02-04,,2026-02-04,pix,pago,,2026-03-31T18:20:24.486000
69cc10a63e64652f92fa03aa,68e9066f27bc8da7fb9e45d1,05 Scs de Cimento CP II,68e906987051f18df69bd30e,,170.0,2026-02-04,,2026-02-04,pix,pago,,2026-03-31T18:21:26.257000
69cc11923ccfab6b15bb94cb,68e9066f27bc8da7fb9e45d1,Granitos,68e906987051f18df69bd30e,69cc10eb3cd0afdc6a50858b,7000.0,2026-02-04,,2026-02-04,pix,pago,,2026-03-31T18:25:22.350000
69cc11d6b14990d4cada4b8e,68e9066f27bc8da7fb9e45d1,10AC2,68e906987051f18df69bd30e,6920693343569a318b31f6f4,180.0,2026-02-05,,2026-02-05,pix,pago,,2026-03-31T18:26:30.924000
69cc1202b4db497069cdb1bb,68e9066f27bc8da7fb9e45d1,50 AC2,68e906987051f18df69bd30e,6920693343569a318b31f6f4,900.0,2026-02-05,,2026-02-05,pix,pago,,2026-03-31T18:27:14.280000
69cc121e02ca3726ae26605a,68e9066f27bc8da7fb9e45d1,Caçamba,68f38480352d14ef0de7c68a,,350.0,2026-02-06,,2026-02-06,pix,pago,,2026-03-31T18:27:42.084000
69cc12e898070678c178c7fd,68e9066f27bc8da7fb9e45d1,4 metros de areia grossa,68e906987051f18df69bd30e,68e9b09fa12479567bf7be5a,740.0,2026-02-10,,2026-02-10,pix,pago,,2026-03-31T18:31:04.834000
69cc1329902b823f39be46fa,68e9066f27bc8da7fb9e45d1,IPTU FEVEREIRO,68e92c57f58ac36af42b3f20,69cc0e09e18ed87b16677f19,361.0,2026-02-11,,2026-02-11,boleto,pago,,2026-03-31T18:32:09.193000
69cc13c84e447da18c88eefa,68e9066f27bc8da7fb9e45d1,Impermeabilizante e Adesivo Estrutural,68e906987051f18df69bd30e,69026399d24246f59672e99b,975.0,2026-02-11,,2026-02-11,pix,pago,,2026-03-31T18:34:48.158000
69cc13dd4543553e7827b393,68e9066f27bc8da7fb9e45d1,4 metros de areia grossa,68e906987051f18df69bd30e,68e9b09fa12479567bf7be5a,740.0,2026-02-12,,2026-02-12,pix,pago,,2026-03-31T18:35:09.149000
69cc142442413e7aded05f70,68e90683cc9f060426095152,Taxa de Demolição,68e9287d882b27b7ef91746e,,147.6,2026-02-12,,2026-02-12,boleto,pago,,2026-03-31T18:36:20.928000
69cc1471146b0382ef7130c8,68e9066f27bc8da7fb9e45d1,1mt Pedrisco + 15 Cimentos,68e906987051f18df69bd30e,68e906d4b90a9de73ee0bca0,890.0,2026-02-14,,2026-02-14,pix,pago,,2026-03-31T18:37:37.111000
69cc14e19f3be377632ffd20,68e9066f27bc8da7fb9e45d1,10 Cimentos,68e906987051f18df69bd30e,68e906d4b90a9de73ee0bca0,318.0,2026-02-19,,2026-02-19,pix,pago,,2026-03-31T18:39:29.455000
69cc15e1637b20b1c1458666,68e9066f27bc8da7fb9e45d1,Gesso,68e906987051f18df69bd30e,69429212371113e3979c0dd0,290.0,2026-02-19,,2026-02-19,pix,pago,,2026-03-31T18:43:45.838000
69cc161cb54bdfef61a87944,68e9066f27bc8da7fb9e45d1,500 Blocos,68e906987051f18df69bd30e,68e9b5dfe7d53ef599e8cccd,1501.92,2026-02-19,,2026-02-19,pix,pago,,2026-03-31T18:44:44.444000
