id,nome,categoria_id
68e906bd27bc8da7fb9e47e8,Madeira,68e906987051f18df69bd30e
68e906c3be8b7e945ba55524,Prego,68e906987051f18df69bd30e
68e906c9500e91c91af3a826,Ferro,68e906987051f18df69bd30e
68e906ce87a6820f84712128,Concreto,68e906987051f18df69bd30e
68e906d4b90a9de73ee0bca0,Cimento,68e906987051f18df69bd30e
68e906e647b1162efe1d5ea6,Contador,68e9069c47b1162efe1d5cdc
68e931da1c428c4c423a8634,Sistemas,68e9069c47b1162efe1d5cdc
68e933bdd5a40edb20113e12,Sondagem,68e927405db45800122d31c0
68e93473365895d227c95912,Empreiteiro,68e9345084968d2dd1b56dcd
68e9af404ecff33c334996bf,Telhas,68e906987051f18df69bd30e
68e9b09fa12479567bf7be5a,Areia,68e906987051f18df69bd30e
68e9b10633f34f7da2fdeaad,Pedra,68e906987051f18df69bd30e
68e9b40dfa83bb166b21fd4e,Hidráulica,68e906987051f18df69bd30e
68e9b418cb3c2763df7d0de1,Elétrica,68e906987051f18df69bd30e
68e9b5dfe7d53ef599e8cccd,Blocos,68e906987051f18df69bd30e
68e9b6e477356c75fcc72bdd,Água,68e9069c47b1162efe1d5cdc
68e9b6ea776d1d9fce0a94eb,Luz,68e9069c47b1162efe1d5cdc
68e9b94398991d507ae8d645,Diversos,68e906987051f18df69bd30e
68e9bc678809274c0792d2cc,Arame,68e906987051f18df69bd30e
68e9bfe365824ecff4014e89,Plotagem,68e927405db45800122d31c0
69026399d24246f59672e99b,Impermeabilizante,68e906987051f18df69bd30e
690bc11aa0d347c40cb27195,Portas,68e906987051f18df69bd30e
690e16409eba45468bfe8ba0,Alumínios,68e906987051f18df69bd30e
692068b89b48a0835132c075,Revestimentos,68e906987051f18df69bd30e
6920693343569a318b31f6f4,Argamassa,68e906987051f18df69bd30e
6928a72bad2b76faada224a4,Telhado,68e906987051f18df69bd30e
69429212371113e3979c0dd0,Gesso,68e906987051f18df69bd30e
69775c11f2397dee20afbdd5,Tijolo/Tijolinho/Canaleta,68e906987051f18df69bd30e
69cc0e09e18ed87b16677f19,IPTU,68e92c57f58ac36af42b3f20
69cc10eb3cd0afdc6a50858b,Mámore / Granito,68e906987051f18df69bd30e
69cc19087be1ac41cb83a91a,Letreiro Fachada,68e906987051f18df69bd30e
69cc1e29e981dc58a96c6acb,Tintas,68e906987051f18df69bd30e
69cee94661171cd61b388b6a,Rejunte,68e906987051f18df69bd30e
6a4ce3ba624787b0110cf86c,Portas,68e906987051f18df69bd30e
